Name,Price
HP Chromebook x360 Intel Celeron Quad Core - (4 GB/64 G...,"₹19,990"
realme Pad 2 6 GB RAM 128 GB ROM 11.5 inch with Wi-Fi+4...,"₹19,999"
SAMSUNG Galaxy Tab A8 4 GB RAM 64 GB ROM 10.5 inch with...,"₹19,499"
SAMSUNG Galaxy Tab A8 4 GB RAM 64 GB ROM 10.5 inch with...,"₹19,499"
realme Pad 2 6 GB RAM 128 GB ROM 11.5 inch with Wi-Fi+4...,"₹19,999"
SAMSUNG Galaxy Tab A8 4 GB RAM 64 GB ROM 10.5 inch with...,"₹19,499"
MOTOROLA tab g70 LTE 6 GB RAM 128 GB ROM 11 inch with W...,"₹19,999"
Oppo Pad Air 4 GB RAM 128 GB ROM 10.36 inch with Wi-Fi ...,"₹15,999"
REDMI Pad 4 GB RAM 128 GB ROM 10.61 Inch with Wi-Fi Onl...,"₹17,999"
Lenovo Tab M10 Plus (3rd Gen) 6 GB RAM 128 GB ROM 10.61...,"₹17,999"
Lenovo Smart Tab M10 FHD Plus (2nd Gen) with Google Ass...,"₹15,999"
HP Chromebook x360 Intel Celeron Quad Core - (4 GB/64 G...,"₹19,990"
MOTOROLA Tab G62 4 GB RAM 64 GB ROM 10.61 inch with Wi-...,"₹16,999"
realme Pad 4 GB RAM 64 GB ROM 10.4 inch with Wi-Fi+4G T...,"₹17,999"
realme Pad 4 GB RAM 64 GB ROM 10.4 inch with Wi-Fi+4G T...,"₹17,999"
MOTOROLA Tab G62 4 GB RAM 64 GB ROM 10.61 inch with Wi-...,"₹15,499"
Oppo Pad Air 4 GB RAM 128 GB ROM 10.36 inch with Wi-Fi ...,"₹15,999"
Lenovo Tab K10 FHD 3 GB RAM 32 GB ROM 10.3 inches with ...,"₹15,499"
REDMI Pad 6 GB RAM 128 GB ROM 10.61 Inch with Wi-Fi Onl...,"₹19,999"
SAMSUNG Galaxy Tab A8 3 GB RAM 32 GB ROM 10.5 inch with...,"₹17,499"
MOTOROLA tab g70 LTE 4 GB RAM 64 GB ROM 11 inch with Wi...,"₹17,999"
Honor Pad 8 4 GB RAM 128 GB ROM 12 inch with Wi-Fi Only...,"₹19,999"
SAMSUNG Galaxy Tab A8 3 GB RAM 32 GB ROM 10.5 inch with...,"₹17,499"
realme Pad X 4 GB RAM 64 GB ROM 11 inch with Wi-Fi Only...,"₹19,999"
REDMI Pad 6 GB RAM 128 GB ROM 10.61 Inch with Wi-Fi Onl...,"₹19,999"
realme Pad X 4 GB RAM 64 GB ROM 11 inch with Wi-Fi Only...,"₹19,999"
SAMSUNG Galaxy Tab A8 3 GB RAM 32 GB ROM 10.5 inch with...,"₹17,499"
HP Chromebook MediaTek Kompanio 500 - (4 GB/64 GB EMMC ...,"₹19,990"
Acer One 10 4 GB RAM 64 GB ROM 10.1 inch with Wi-Fi+4G ...,"₹15,990"
Acer One 10 6 GB RAM 128 GB ROM 10.1 inch with Wi-Fi+4G...,"₹17,490"
REDMI Pad 4 GB RAM 128 GB ROM 10.61 Inch with Wi-Fi Onl...,"₹19,999"
Nokia T21 4 GB RAM 64 GB ROM 10.3 inch with Wi-Fi+4G Ta...,"₹19,999"
realme Pad 3 GB RAM 32 GB ROM 10.4 inch with Wi-Fi+4G T...,"₹15,999"
Acer One 4 GB RAM 64GB ROM 10.1 Inch with Wi-Fi+4G Tabl...,"₹18,999"
"OPPO A785G (Blue, 128 GB)","₹19,439"
Honor Pad 5 4 GB RAM 64 GB ROM 10.1 inch with Wi-Fi+4G ...,"₹19,999"
Lenovo IdeaPad Duet Chromebook 4 GB RAM 128 GB ROM 10.1...,"₹19,999"
Nokia T21 4 GB RAM 64 GB ROM 10.3 inch with Wi-Fi Only ...,"₹18,989"
Nokia Tab T20 3GB RAM 32GB ROM 10.36 inch with Wi-Fi On...,"₹15,999"
Swipe X1 Tab FHD IPS Display Octa Core 6 GB RAM 128 GB ...,"₹18,999"
